,Population,AQI
count,496.0,442.0
mean,4712511.403225807,48.536199095022624
std,4704794.346260195,20.884517848088315
min,1543000.0,0.0
25%,2228975.75,31.0
50%,3098665.5,46.0
75%,5105988.25,69.0
max,37785000.0,88.0
